Jack's Casino Roosendaal,Jack's Casino Roosendaal,Tongerloplein 8,4701 HV  Roosendaal
Mepavex Logistics BV,Mepavex Logistics BV,Postbus 72,4600 AB  Bergen op Zoom
De Bruyn b.v.,De Bruyn b.v.,Van Konijnenburgweg 105,4612 PL  Bergen op Zoom
Beuken Installatie Groothandel,Beuken Installatie Groothandel,Vierlinghweg 1,4612 PN  Bergen op Zoom
Brandweer Midden en West Brabant,Brandweer Midden en West Brabant,Postbus 3208,5003 DE  Tilburg
ICI Paris,ICI Paris,Wouwsestraat 42-44,Bergen op Zoom
ImProvia Zuid,ImProvia Zuid,Vang 20,4661 TX  Halsteren
Logus Bouw- en Afbouwmaterialen,Logus Bouw- en Afbouwmaterialen,Postbus 134,4600 AC  Bergen op Zoom
Philip Morris Holland B.V.,Philip Morris Holland B.V.,Marconilaan 20,4622 RD  Bergen op Zoom
DHL Supply Chain Bergen op Zoom,DHL Supply Chain Bergen op Zoom 1 MNL 311 PO 1339882,Postbus 3052,6202 NB  Maastricht
ROC West Brabant,ROC West Brabant,Bestuurscentrum,Postbus 699,4870 AR  Etten-Leur
B. Schipper Apeldoorn BV,B. Schipper Apeldoorn BV,Beemsterweg 37,7341 PC  Apeldoorn (Beemte)
PPG Coatings Nederland BV,PPG Coatings Nederland BV,Slingerweg 14,4613 BR  Bergen op Zoom
RSG 't Rijks,RSG 't Rijks,Burg.Stulemeijerlaan 24,4611 EG  Bergen op Zoom